Intake_number,primary_project,secondary_project,tertiary_project,sampling_round,land_ownership,old_SH_1,SH_1,barcode,depth_top,depth_bottom,date_sampled,island,site_name,treatment,site_number,current_land_use,years_under_current_land_use,most_previous_land_use,years_under_most_previous _land_use,additional_previous _land_use,years_under_additional_previous _land_use,additional_previous_land_use_2,years_under_additional_previous_land_use_2,additional_previous_land_use_3,years_under_additional_previous_land_use_3,plot_name,plot_area,current_plant_cover,previous_crop_cover,fertilizer_type_1,fertilizer_rate_1,fertilizer_type_2,fertilizer_rate_2,fertilizer_type_3,fertilizer_rate_3,fertilizer_type_4,fertilizer_rate_4,fertilizer_type_5,fertilizer_rate_5,tillage,tillage_frequency,herbicide,pesticide,irrigation_type,additional_soil_cover,soil_series,latitude,longitude,mean_annual_precip,mean_annual_temp,management_category,PIAL_none,dist_level,order,great_group,suborder,minerals,texture,toc,co2_burst,beta_glucosidase,beta_glucosaminidase,pmn,ph,hwec,whc,wsa_mega,v2_shs_cdf,v2_shs_raw,v2_factor1_cdf,v2_factor1_raw,v2_factor2_cdf,v2_factor2_raw,v2_factor3_cdf,v2_factor3_raw,v4_shs_cdf,v4_shs_raw,v4_factor1_cdf,v4_factor1_raw,v4_factor2_cdf,v4_factor2_raw,v4_factor3_cdf,v4_factor3_raw,bd,wsa_macro,weight_of_rocks_>2mm,volume_of_rocks_>2mm_mL,tn,tdn,din,don,hwen,c_n,doc_don,ammonium,assessment,status,hyperlinks,Last updated
900001,Synthetic Agroforestry Time Series,Demonstration Block,Tree Crop Transition,Timepoint 1,Synthetic,SYN-OLD-0001,SYN-0001,SYN-01-01-01-0001,0,15,2026-01-15,Oahu,Synthetic North Shore Learning Farm,Mulch plus compost,SYN-NS-01,Agroforestry,1,Cropland,10,,,,,,,AF-01,100,Perennial fruit tree alley,Synthetic baseline cover,Compost,2 tons/ac,,,,,,,,,None,None,No,No,Drip,Mulch,Synthetic Waialua,21.586800,-158.104800,920.0,23.5,Mixed conventional and organic cropland,None,,Mollisol,Haplustoll,Ustoll,HAC,Clay loam,2.720,182.000,66.900,24.400,37.100,6.070,395.000,47.900,23.000,0.390000,-0.400,0.410000,-0.350,0.375000,-0.290,0.360000,-0.590,0.419000,-0.350,0.437000,-0.280,0.407000,-0.240,0.394000,-0.520,1.085,40.000,0.800,1.660,0.185,22.900,5.300,17.300,31.900,11.450,19.600,3.750,Synthetic example,Synthetic,,2026-07-09
900002,Synthetic Agroforestry Time Series,Demonstration Block,Tree Crop Transition,Timepoint 2,Synthetic,SYN-OLD-0002,SYN-0002,SYN-01-01-02-0002,0,15,2026-04-15,Oahu,Synthetic North Shore Learning Farm,Mulch plus compost,SYN-NS-01,Agroforestry,2,Cropland,10,,,,,,,AF-01,100,Perennial fruit tree alley,Synthetic baseline cover,Compost,2 tons/ac,,,,,,,,,None,None,No,No,Drip,Mulch,Synthetic Waialua,21.586800,-158.104800,920.0,23.5,Mixed conventional and organic cropland,None,,Mollisol,Haplustoll,Ustoll,HAC,Clay loam,2.900,193.000,70.100,25.900,39.100,6.100,413.000,49.000,24.400,0.425000,-0.310,0.445000,-0.270,0.410000,-0.220,0.395000,-0.530,0.459000,-0.250,0.477000,-0.190,0.447000,-0.160,0.434000,-0.450,1.075,41.200,0.840,1.740,0.195,24.000,5.600,18.100,33.100,11.400,19.800,3.900,Synthetic example,Synthetic,,2026-07-09
900003,Synthetic Agroforestry Time Series,Demonstration Block,Tree Crop Transition,Timepoint 3,Synthetic,SYN-OLD-0003,SYN-0003,SYN-01-01-03-0003,0,15,2026-07-15,Oahu,Synthetic North Shore Learning Farm,Mulch plus compost,SYN-NS-01,Agroforestry,3,Cropland,10,,,,,,,AF-01,100,Perennial fruit tree alley,Synthetic baseline cover,Compost,2 tons/ac,,,,,,,,,None,None,No,No,Drip,Mulch,Synthetic Waialua,21.586800,-158.104800,920.0,23.5,Mixed conventional and organic cropland,None,,Mollisol,Haplustoll,Ustoll,HAC,Clay loam,3.080,204.000,73.300,27.400,41.100,6.130,431.000,50.100,25.800,0.460000,-0.220,0.480000,-0.190,0.445000,-0.150,0.430000,-0.470,0.499000,-0.150,0.517000,-0.100,0.487000,-0.080,0.474000,-0.380,1.065,42.400,0.880,1.820,0.205,25.100,5.900,18.900,34.300,11.350,20.000,4.050,Synthetic example,Synthetic,,2026-07-09
900004,Synthetic Agroforestry Time Series,Demonstration Block,Tree Crop Transition,Timepoint 4,Synthetic,SYN-OLD-0004,SYN-0004,SYN-01-01-04-0004,0,15,2026-10-15,Oahu,Synthetic North Shore Learning Farm,Mulch plus compost,SYN-NS-01,Agroforestry,4,Cropland,10,,,,,,,AF-01,100,Perennial fruit tree alley,Synthetic baseline cover,Compost,2 tons/ac,,,,,,,,,None,None,No,No,Drip,Mulch,Synthetic Waialua,21.586800,-158.104800,920.0,23.5,Mixed conventional and organic cropland,None,,Mollisol,Haplustoll,Ustoll,HAC,Clay loam,3.260,215.000,76.500,28.900,43.100,6.160,449.000,51.200,27.200,0.495000,-0.130,0.515000,-0.110,0.480000,-0.080,0.465000,-0.410,0.539000,-0.050,0.557000,-0.010,0.527000,0.000,0.514000,-0.310,1.055,43.600,0.920,1.900,0.215,26.200,6.200,19.700,35.500,11.300,20.200,4.200,Synthetic example,Synthetic,,2026-07-09
900005,Synthetic Agroforestry Time Series,Demonstration Block,Tree Crop Transition,Timepoint 1,Synthetic,SYN-OLD-0005,SYN-0005,SYN-01-02-01-0005,0,15,2026-01-15,Oahu,Synthetic North Shore Learning Farm,Mulch only,SYN-NS-01,Agroforestry,1,Cropland,10,,,,,,,AF-02,100,Perennial fruit tree alley,Synthetic baseline cover,None,0,,,,,,,,,None,None,No,No,Drip,Mulch,Synthetic Waialua,21.587600,-158.105600,920.0,23.5,Mixed conventional and organic cropland,None,,Mollisol,Haplustoll,Ustoll,HAC,Clay loam,2.810,188.000,68.600,25.300,38.200,6.110,407.000,48.700,23.600,0.405000,-0.370,0.425000,-0.330,0.390000,-0.270,0.375000,-0.570,0.433000,-0.320,0.451000,-0.260,0.421000,-0.220,0.408000,-0.500,1.100,40.800,0.860,1.740,0.190,23.700,5.500,17.800,32.600,11.550,19.800,3.850,Synthetic example,Synthetic,,2026-07-09
900006,Synthetic Agroforestry Time Series,Demonstration Block,Tree Crop Transition,Timepoint 2,Synthetic,SYN-OLD-0006,SYN-0006,SYN-01-02-02-0006,0,15,2026-04-15,Oahu,Synthetic North Shore Learning Farm,Mulch only,SYN-NS-01,Agroforestry,2,Cropland,10,,,,,,,AF-02,100,Perennial fruit tree alley,Synthetic baseline cover,None,0,,,,,,,,,None,None,No,No,Drip,Mulch,Synthetic Waialua,21.587600,-158.105600,920.0,23.5,Mixed conventional and organic cropland,None,,Mollisol,Haplustoll,Ustoll,HAC,Clay loam,2.990,199.000,71.800,26.800,40.200,6.140,425.000,49.800,25.000,0.440000,-0.280,0.460000,-0.250,0.425000,-0.200,0.410000,-0.510,0.473000,-0.220,0.491000,-0.170,0.461000,-0.140,0.448000,-0.430,1.090,42.000,0.900,1.820,0.200,24.800,5.800,18.600,33.800,11.500,20.000,4.000,Synthetic example,Synthetic,,2026-07-09
900007,Synthetic Agroforestry Time Series,Demonstration Block,Tree Crop Transition,Timepoint 3,Synthetic,SYN-OLD-0007,SYN-0007,SYN-01-02-03-0007,0,15,2026-07-15,Oahu,Synthetic North Shore Learning Farm,Mulch only,SYN-NS-01,Agroforestry,3,Cropland,10,,,,,,,AF-02,100,Perennial fruit tree alley,Synthetic baseline cover,None,0,,,,,,,,,None,None,No,No,Drip,Mulch,Synthetic Waialua,21.587600,-158.105600,920.0,23.5,Mixed conventional and organic cropland,None,,Mollisol,Haplustoll,Ustoll,HAC,Clay loam,3.170,210.000,75.000,28.300,42.200,6.170,443.000,50.900,26.400,0.475000,-0.190,0.495000,-0.170,0.460000,-0.130,0.445000,-0.450,0.513000,-0.120,0.531000,-0.080,0.501000,-0.060,0.488000,-0.360,1.080,43.200,0.940,1.900,0.210,25.900,6.100,19.400,35.000,11.450,20.200,4.150,Synthetic example,Synthetic,,2026-07-09
900008,Synthetic Agroforestry Time Series,Demonstration Block,Tree Crop Transition,Timepoint 4,Synthetic,SYN-OLD-0008,SYN-0008,SYN-01-02-04-0008,0,15,2026-10-15,Oahu,Synthetic North Shore Learning Farm,Mulch only,SYN-NS-01,Agroforestry,4,Cropland,10,,,,,,,AF-02,100,Perennial fruit tree alley,Synthetic baseline cover,None,0,,,,,,,,,None,None,No,No,Drip,Mulch,Synthetic Waialua,21.587600,-158.105600,920.0,23.5,Mixed conventional and organic cropland,None,,Mollisol,Haplustoll,Ustoll,HAC,Clay loam,3.350,221.000,78.200,29.800,44.200,6.200,461.000,52.000,27.800,0.510000,-0.100,0.530000,-0.090,0.495000,-0.060,0.480000,-0.390,0.553000,-0.020,0.571000,0.010,0.541000,0.020,0.528000,-0.290,1.070,44.400,0.980,1.980,0.220,27.000,6.400,20.200,36.200,11.400,20.400,4.300,Synthetic example,Synthetic,,2026-07-09
900009,Synthetic Agroforestry Time Series,Demonstration Block,Tree Crop Transition,Timepoint 1,Synthetic,SYN-OLD-0009,SYN-0009,SYN-01-03-01-0009,0,15,2026-01-15,Oahu,Synthetic North Shore Learning Farm,Control,SYN-NS-01,Agroforestry,1,Cropland,10,,,,,,,AF-03,100,Annual vegetable strip,Synthetic baseline cover,None,0,,,,,,,,,None,None,No,No,Drip,Living cover,Synthetic Waialua,21.588400,-158.106400,920.0,23.5,Mixed conventional and organic cropland,None,,Mollisol,Haplustoll,Ustoll,HAC,Clay loam,2.900,194.000,70.300,26.200,39.300,6.150,419.000,49.500,24.200,0.420000,-0.340,0.440000,-0.310,0.405000,-0.250,0.390000,-0.550,0.447000,-0.290,0.465000,-0.240,0.435000,-0.200,0.422000,-0.480,1.115,41.600,0.920,1.820,0.195,24.500,5.700,18.300,33.300,11.650,20.000,3.950,Synthetic example,Synthetic,,2026-07-09
900010,Synthetic Agroforestry Time Series,Demonstration Block,Tree Crop Transition,Timepoint 2,Synthetic,SYN-OLD-0010,SYN-0010,SYN-01-03-02-0010,0,15,2026-04-15,Oahu,Synthetic North Shore Learning Farm,Control,SYN-NS-01,Agroforestry,2,Cropland,10,,,,,,,AF-03,100,Annual vegetable strip,Synthetic baseline cover,None,0,,,,,,,,,None,None,No,No,Drip,Living cover,Synthetic Waialua,21.588400,-158.106400,920.0,23.5,Mixed conventional and organic cropland,None,,Mollisol,Haplustoll,Ustoll,HAC,Clay loam,3.080,205.000,73.500,27.700,41.300,6.180,437.000,50.600,25.600,0.455000,-0.250,0.475000,-0.230,0.440000,-0.180,0.425000,-0.490,0.487000,-0.190,0.505000,-0.150,0.475000,-0.120,0.462000,-0.410,1.105,42.800,0.960,1.900,0.205,25.600,6.000,19.100,34.500,11.600,20.200,4.100,Synthetic example,Synthetic,,2026-07-09
900011,Synthetic Agroforestry Time Series,Demonstration Block,Tree Crop Transition,Timepoint 3,Synthetic,SYN-OLD-0011,SYN-0011,SYN-01-03-03-0011,0,15,2026-07-15,Oahu,Synthetic North Shore Learning Farm,Control,SYN-NS-01,Agroforestry,3,Cropland,10,,,,,,,AF-03,100,Annual vegetable strip,Synthetic baseline cover,None,0,,,,,,,,,None,None,No,No,Drip,Living cover,Synthetic Waialua,21.588400,-158.106400,920.0,23.5,Mixed conventional and organic cropland,None,,Mollisol,Haplustoll,Ustoll,HAC,Clay loam,3.260,216.000,76.700,29.200,43.300,6.210,455.000,51.700,27.000,0.490000,-0.160,0.510000,-0.150,0.475000,-0.110,0.460000,-0.430,0.527000,-0.090,0.545000,-0.060,0.515000,-0.040,0.502000,-0.340,1.095,44.000,1.000,1.980,0.215,26.700,6.300,19.900,35.700,11.550,20.400,4.250,Synthetic example,Synthetic,,2026-07-09
900012,Synthetic Agroforestry Time Series,Demonstration Block,Tree Crop Transition,Timepoint 4,Synthetic,SYN-OLD-0012,SYN-0012,SYN-01-03-04-0012,0,15,2026-10-15,Oahu,Synthetic North Shore Learning Farm,Control,SYN-NS-01,Agroforestry,4,Cropland,10,,,,,,,AF-03,100,Annual vegetable strip,Synthetic baseline cover,None,0,,,,,,,,,None,None,No,No,Drip,Living cover,Synthetic Waialua,21.588400,-158.106400,920.0,23.5,Mixed conventional and organic cropland,None,,Mollisol,Haplustoll,Ustoll,HAC,Clay loam,3.440,227.000,79.900,30.700,45.300,6.240,473.000,52.800,28.400,0.525000,-0.070,0.545000,-0.070,0.510000,-0.040,0.495000,-0.370,0.567000,0.010,0.585000,0.030,0.555000,0.040,0.542000,-0.270,1.085,45.200,1.040,2.060,0.225,27.800,6.600,20.700,36.900,11.500,20.600,4.400,Synthetic example,Synthetic,,2026-07-09
900013,Synthetic Cover Crop Time Series,Cover Crop Rotation,Legume Grass Mix,Timepoint 1,Synthetic,SYN-OLD-0013,SYN-0013,SYN-02-01-01-0013,0,15,2026-02-20,Hawaii,Synthetic Kona Rotation Trial,Cover crop mix replicate 1,SYN-KO-02,Cropland,1,Unmanaged/abandoned,10,,,,,,,CC-A1,100,Cover crop,Synthetic baseline cover,None,0,,,,,,,,,Reduced,Annual,No,No,Drip,Living cover,Synthetic Kealakekua,19.502800,-155.916800,1320.0,22.1,Organic cropland,None,,Andisol,Hydrudand,Udand,LAC,Silty clay loam,3.070,207.000,73.900,28.400,43.100,6.270,440.000,51.900,26.000,0.450000,-0.220,0.470000,-0.200,0.435000,-0.170,0.420000,-0.460,0.474000,-0.180,0.492000,-0.120,0.462000,-0.130,0.449000,-0.380,1.125,44.000,1.000,1.960,0.215,25.900,6.100,19.300,35.900,11.850,20.800,4.250,Synthetic example,Synthetic,,2026-07-09
900014,Synthetic Cover Crop Time Series,Cover Crop Rotation,Legume Grass Mix,Timepoint 2,Synthetic,SYN-OLD-0014,SYN-0014,SYN-02-01-02-0014,0,15,2026-06-20,Hawaii,Synthetic Kona Rotation Trial,Cover crop mix replicate 1,SYN-KO-02,Cropland,2,Unmanaged/abandoned,10,,,,,,,CC-A1,100,Cover crop,Synthetic baseline cover,None,0,,,,,,,,,Reduced,Annual,No,No,Drip,Living cover,Synthetic Kealakekua,19.502800,-155.916800,1320.0,22.1,Organic cropland,None,,Andisol,Hydrudand,Udand,LAC,Silty clay loam,3.250,218.000,77.100,29.900,45.100,6.300,458.000,53.000,27.400,0.485000,-0.130,0.505000,-0.120,0.470000,-0.100,0.455000,-0.400,0.514000,-0.080,0.532000,-0.030,0.502000,-0.050,0.489000,-0.310,1.115,45.200,1.040,2.040,0.225,27.000,6.400,20.100,37.100,11.800,21.000,4.400,Synthetic example,Synthetic,,2026-07-09
900015,Synthetic Cover Crop Time Series,Cover Crop Rotation,Legume Grass Mix,Timepoint 3,Synthetic,SYN-OLD-0015,SYN-0015,SYN-02-01-03-0015,0,15,2026-10-20,Hawaii,Synthetic Kona Rotation Trial,Cover crop mix replicate 1,SYN-KO-02,Cropland,3,Unmanaged/abandoned,10,,,,,,,CC-A1,100,Cover crop,Synthetic baseline cover,None,0,,,,,,,,,Reduced,Annual,No,No,Drip,Living cover,Synthetic Kealakekua,19.502800,-155.916800,1320.0,22.1,Organic cropland,None,,Andisol,Hydrudand,Udand,LAC,Silty clay loam,3.430,229.000,80.300,31.400,47.100,6.330,476.000,54.100,28.800,0.520000,-0.040,0.540000,-0.040,0.505000,-0.030,0.490000,-0.340,0.554000,0.020,0.572000,0.060,0.542000,0.030,0.529000,-0.240,1.105,46.400,1.080,2.120,0.235,28.100,6.700,20.900,38.300,11.750,21.200,4.550,Synthetic example,Synthetic,,2026-07-09
900016,Synthetic Cover Crop Time Series,Cover Crop Rotation,Legume Grass Mix,Timepoint 1,Synthetic,SYN-OLD-0016,SYN-0016,SYN-02-02-01-0016,0,15,2026-02-20,Hawaii,Synthetic Kona Rotation Trial,Cover crop mix replicate 2,SYN-KO-02,Cropland,1,Unmanaged/abandoned,10,,,,,,,CC-A2,100,Cover crop,Synthetic baseline cover,None,0,,,,,,,,,Reduced,Annual,No,No,Drip,Living cover,Synthetic Kealakekua,19.503600,-155.917600,1320.0,22.1,Organic cropland,None,,Andisol,Hydrudand,Udand,LAC,Silty clay loam,3.160,213.000,75.600,29.300,44.200,6.310,452.000,52.700,26.600,0.465000,-0.190,0.485000,-0.180,0.450000,-0.150,0.435000,-0.440,0.488000,-0.150,0.506000,-0.100,0.476000,-0.110,0.463000,-0.360,1.140,44.800,1.060,2.040,0.220,26.700,6.300,19.800,36.600,11.950,21.000,4.350,Synthetic example,Synthetic,,2026-07-09
900017,Synthetic Cover Crop Time Series,Cover Crop Rotation,Legume Grass Mix,Timepoint 2,Synthetic,SYN-OLD-0017,SYN-0017,SYN-02-02-02-0017,0,15,2026-06-20,Hawaii,Synthetic Kona Rotation Trial,Cover crop mix replicate 2,SYN-KO-02,Cropland,2,Unmanaged/abandoned,10,,,,,,,CC-A2,100,Cover crop,Synthetic baseline cover,None,0,,,,,,,,,Reduced,Annual,No,No,Drip,Living cover,Synthetic Kealakekua,19.503600,-155.917600,1320.0,22.1,Organic cropland,None,,Andisol,Hydrudand,Udand,LAC,Silty clay loam,3.340,224.000,78.800,30.800,46.200,6.340,470.000,53.800,28.000,0.500000,-0.100,0.520000,-0.100,0.485000,-0.080,0.470000,-0.380,0.528000,-0.050,0.546000,-0.010,0.516000,-0.030,0.503000,-0.290,1.130,46.000,1.100,2.120,0.230,27.800,6.600,20.600,37.800,11.900,21.200,4.500,Synthetic example,Synthetic,,2026-07-09
900018,Synthetic Cover Crop Time Series,Cover Crop Rotation,Legume Grass Mix,Timepoint 3,Synthetic,SYN-OLD-0018,SYN-0018,SYN-02-02-03-0018,0,15,2026-10-20,Hawaii,Synthetic Kona Rotation Trial,Cover crop mix replicate 2,SYN-KO-02,Cropland,3,Unmanaged/abandoned,10,,,,,,,CC-A2,100,Cover crop,Synthetic baseline cover,None,0,,,,,,,,,Reduced,Annual,No,No,Drip,Living cover,Synthetic Kealakekua,19.503600,-155.917600,1320.0,22.1,Organic cropland,None,,Andisol,Hydrudand,Udand,LAC,Silty clay loam,3.520,235.000,82.000,32.300,48.200,6.370,488.000,54.900,29.400,0.535000,-0.010,0.555000,-0.020,0.520000,-0.010,0.505000,-0.320,0.568000,0.050,0.586000,0.080,0.556000,0.050,0.543000,-0.220,1.120,47.200,1.140,2.200,0.240,28.900,6.900,21.400,39.000,11.850,21.400,4.650,Synthetic example,Synthetic,,2026-07-09
900019,Synthetic Cover Crop Time Series,Cover Crop Rotation,Legume Grass Mix,Timepoint 1,Synthetic,SYN-OLD-0019,SYN-0019,SYN-02-03-01-0019,0,15,2026-02-20,Hawaii,Synthetic Kona Rotation Trial,Cover crop mix replicate 3,SYN-KO-02,Cropland,1,Unmanaged/abandoned,10,,,,,,,CC-A3,100,Cover crop,Synthetic baseline cover,None,0,,,,,,,,,Reduced,Annual,No,No,Drip,Living cover,Synthetic Kealakekua,19.504400,-155.918400,1320.0,22.1,Organic cropland,None,,Andisol,Hydrudand,Udand,LAC,Silty clay loam,3.250,219.000,77.300,30.200,45.300,6.350,464.000,53.500,27.200,0.480000,-0.160,0.500000,-0.160,0.465000,-0.130,0.450000,-0.420,0.502000,-0.120,0.520000,-0.080,0.490000,-0.090,0.477000,-0.340,1.155,45.600,1.120,2.120,0.225,27.500,6.500,20.300,37.300,12.050,21.200,4.450,Synthetic example,Synthetic,,2026-07-09
900020,Synthetic Cover Crop Time Series,Cover Crop Rotation,Legume Grass Mix,Timepoint 2,Synthetic,SYN-OLD-0020,SYN-0020,SYN-02-03-02-0020,0,15,2026-06-20,Hawaii,Synthetic Kona Rotation Trial,Cover crop mix replicate 3,SYN-KO-02,Cropland,2,Unmanaged/abandoned,10,,,,,,,CC-A3,100,Cover crop,Synthetic baseline cover,None,0,,,,,,,,,Reduced,Annual,No,No,Drip,Living cover,Synthetic Kealakekua,19.504400,-155.918400,1320.0,22.1,Organic cropland,None,,Andisol,Hydrudand,Udand,LAC,Silty clay loam,3.430,230.000,80.500,31.700,47.300,6.380,482.000,54.600,28.600,0.515000,-0.070,0.535000,-0.080,0.500000,-0.060,0.485000,-0.360,0.542000,-0.020,0.560000,0.010,0.530000,-0.010,0.517000,-0.270,1.145,46.800,1.160,2.200,0.235,28.600,6.800,21.100,38.500,12.000,21.400,4.600,Synthetic example,Synthetic,,2026-07-09
900021,Synthetic Cover Crop Time Series,Cover Crop Rotation,Legume Grass Mix,Timepoint 3,Synthetic,SYN-OLD-0021,SYN-0021,SYN-02-03-03-0021,0,15,2026-10-20,Hawaii,Synthetic Kona Rotation Trial,Cover crop mix replicate 3,SYN-KO-02,Cropland,3,Unmanaged/abandoned,10,,,,,,,CC-A3,100,Cover crop,Synthetic baseline cover,None,0,,,,,,,,,Reduced,Annual,No,No,Drip,Living cover,Synthetic Kealakekua,19.504400,-155.918400,1320.0,22.1,Organic cropland,None,,Andisol,Hydrudand,Udand,LAC,Silty clay loam,3.610,241.000,83.700,33.200,49.300,6.410,500.000,55.700,30.000,0.550000,0.020,0.570000,0.000,0.535000,0.010,0.520000,-0.300,0.582000,0.080,0.600000,0.100,0.570000,0.070,0.557000,-0.200,1.135,48.000,1.200,2.280,0.245,29.700,7.100,21.900,39.700,11.950,21.600,4.750,Synthetic example,Synthetic,,2026-07-09
900022,Synthetic Cover Crop Time Series,Cover Crop Rotation,Legume Grass Mix,Timepoint 1,Synthetic,SYN-OLD-0022,SYN-0022,SYN-02-04-01-0022,0,15,2026-02-20,Hawaii,Synthetic Kona Rotation Trial,Bare fallow replicate 1,SYN-KO-02,Cropland,1,Unmanaged/abandoned,10,,,,,,,CC-B1,100,Bare fallow,Synthetic baseline cover,None,0,,,,,,,,,Reduced,Annual,No,No,Drip,Living cover,Synthetic Kealakekua,19.505200,-155.919200,1320.0,22.1,Organic cropland,None,,Andisol,Hydrudand,Udand,LAC,Silty clay loam,3.340,225.000,79.000,31.100,46.400,6.390,476.000,54.300,27.800,0.495000,-0.130,0.515000,-0.140,0.480000,-0.110,0.465000,-0.400,0.516000,-0.090,0.534000,-0.060,0.504000,-0.070,0.491000,-0.320,1.170,46.400,1.180,2.200,0.230,28.300,6.700,20.800,38.000,12.150,21.400,4.550,Synthetic example,Synthetic,,2026-07-09
900023,Synthetic Cover Crop Time Series,Cover Crop Rotation,Legume Grass Mix,Timepoint 2,Synthetic,SYN-OLD-0023,SYN-0023,SYN-02-04-02-0023,0,15,2026-06-20,Hawaii,Synthetic Kona Rotation Trial,Bare fallow replicate 1,SYN-KO-02,Cropland,2,Unmanaged/abandoned,10,,,,,,,CC-B1,100,Bare fallow,Synthetic baseline cover,None,0,,,,,,,,,Reduced,Annual,No,No,Drip,Living cover,Synthetic Kealakekua,19.505200,-155.919200,1320.0,22.1,Organic cropland,None,,Andisol,Hydrudand,Udand,LAC,Silty clay loam,3.520,236.000,82.200,32.600,48.400,6.420,494.000,55.400,29.200,0.530000,-0.040,0.550000,-0.060,0.515000,-0.040,0.500000,-0.340,0.556000,0.010,0.574000,0.030,0.544000,0.010,0.531000,-0.250,1.160,47.600,1.220,2.280,0.240,29.400,7.000,21.600,39.200,12.100,21.600,4.700,Synthetic example,Synthetic,,2026-07-09
900024,Synthetic Cover Crop Time Series,Cover Crop Rotation,Legume Grass Mix,Timepoint 3,Synthetic,SYN-OLD-0024,SYN-0024,SYN-02-04-03-0024,0,15,2026-10-20,Hawaii,Synthetic Kona Rotation Trial,Bare fallow replicate 1,SYN-KO-02,Cropland,3,Unmanaged/abandoned,10,,,,,,,CC-B1,100,Bare fallow,Synthetic baseline cover,None,0,,,,,,,,,Reduced,Annual,No,No,Drip,Living cover,Synthetic Kealakekua,19.505200,-155.919200,1320.0,22.1,Organic cropland,None,,Andisol,Hydrudand,Udand,LAC,Silty clay loam,3.700,247.000,85.400,34.100,50.400,6.450,512.000,56.500,30.600,0.565000,0.050,0.585000,0.020,0.550000,0.030,0.535000,-0.280,0.596000,0.110,0.614000,0.120,0.584000,0.090,0.571000,-0.180,1.150,48.800,1.260,2.360,0.250,30.500,7.300,22.400,40.400,12.050,21.800,4.850,Synthetic example,Synthetic,,2026-07-09
900025,Synthetic Cover Crop Time Series,Cover Crop Rotation,Legume Grass Mix,Timepoint 1,Synthetic,SYN-OLD-0025,SYN-0025,SYN-02-05-01-0025,0,15,2026-02-20,Hawaii,Synthetic Kona Rotation Trial,Bare fallow replicate 2,SYN-KO-02,Cropland,1,Unmanaged/abandoned,10,,,,,,,CC-B2,100,Bare fallow,Synthetic baseline cover,None,0,,,,,,,,,Reduced,Annual,No,No,Drip,Living cover,Synthetic Kealakekua,19.506000,-155.920000,1320.0,22.1,Organic cropland,None,,Andisol,Hydrudand,Udand,LAC,Silty clay loam,3.430,231.000,80.700,32.000,47.500,6.430,488.000,55.100,28.400,0.510000,-0.100,0.530000,-0.120,0.495000,-0.090,0.480000,-0.380,0.530000,-0.060,0.548000,-0.040,0.518000,-0.050,0.505000,-0.300,1.185,47.200,1.240,2.280,0.235,29.100,6.900,21.300,38.700,12.250,21.600,4.650,Synthetic example,Synthetic,,2026-07-09
900026,Synthetic Cover Crop Time Series,Cover Crop Rotation,Legume Grass Mix,Timepoint 2,Synthetic,SYN-OLD-0026,SYN-0026,SYN-02-05-02-0026,0,15,2026-06-20,Hawaii,Synthetic Kona Rotation Trial,Bare fallow replicate 2,SYN-KO-02,Cropland,2,Unmanaged/abandoned,10,,,,,,,CC-B2,100,Bare fallow,Synthetic baseline cover,None,0,,,,,,,,,Reduced,Annual,No,No,Drip,Living cover,Synthetic Kealakekua,19.506000,-155.920000,1320.0,22.1,Organic cropland,None,,Andisol,Hydrudand,Udand,LAC,Silty clay loam,3.610,242.000,83.900,33.500,49.500,6.460,506.000,56.200,29.800,0.545000,-0.010,0.565000,-0.040,0.530000,-0.020,0.515000,-0.320,0.570000,0.040,0.588000,0.050,0.558000,0.030,0.545000,-0.230,1.175,48.400,1.280,2.360,0.245,30.200,7.200,22.100,39.900,12.200,21.800,4.800,Synthetic example,Synthetic,,2026-07-09
900027,Synthetic Cover Crop Time Series,Cover Crop Rotation,Legume Grass Mix,Timepoint 3,Synthetic,SYN-OLD-0027,SYN-0027,SYN-02-05-03-0027,0,15,2026-10-20,Hawaii,Synthetic Kona Rotation Trial,Bare fallow replicate 2,SYN-KO-02,Cropland,3,Unmanaged/abandoned,10,,,,,,,CC-B2,100,Bare fallow,Synthetic baseline cover,None,0,,,,,,,,,Reduced,Annual,No,No,Drip,Living cover,Synthetic Kealakekua,19.506000,-155.920000,1320.0,22.1,Organic cropland,None,,Andisol,Hydrudand,Udand,LAC,Silty clay loam,3.790,253.000,87.100,35.000,51.500,6.490,524.000,57.300,31.200,0.580000,0.080,0.600000,0.040,0.565000,0.050,0.550000,-0.260,0.610000,0.140,0.628000,0.140,0.598000,0.110,0.585000,-0.160,1.165,49.600,1.320,2.440,0.255,31.300,7.500,22.900,41.100,12.150,22.000,4.950,Synthetic example,Synthetic,,2026-07-09
900028,Synthetic Cover Crop Time Series,Cover Crop Rotation,Legume Grass Mix,Timepoint 1,Synthetic,SYN-OLD-0028,SYN-0028,SYN-02-06-01-0028,0,15,2026-02-20,Hawaii,Synthetic Kona Rotation Trial,Bare fallow replicate 3,SYN-KO-02,Cropland,1,Unmanaged/abandoned,10,,,,,,,CC-B3,100,Bare fallow,Synthetic baseline cover,None,0,,,,,,,,,Reduced,Annual,No,No,Drip,Living cover,Synthetic Kealakekua,19.506800,-155.920800,1320.0,22.1,Organic cropland,None,,Andisol,Hydrudand,Udand,LAC,Silty clay loam,3.520,237.000,82.400,32.900,48.600,6.470,500.000,55.900,29.000,0.525000,-0.070,0.545000,-0.100,0.510000,-0.070,0.495000,-0.360,0.544000,-0.030,0.562000,-0.020,0.532000,-0.030,0.519000,-0.280,1.200,48.000,1.300,2.360,0.240,29.900,7.100,21.800,39.400,12.350,21.800,4.750,Synthetic example,Synthetic,,2026-07-09
900029,Synthetic Cover Crop Time Series,Cover Crop Rotation,Legume Grass Mix,Timepoint 2,Synthetic,SYN-OLD-0029,SYN-0029,SYN-02-06-02-0029,0,15,2026-06-20,Hawaii,Synthetic Kona Rotation Trial,Bare fallow replicate 3,SYN-KO-02,Cropland,2,Unmanaged/abandoned,10,,,,,,,CC-B3,100,Bare fallow,Synthetic baseline cover,None,0,,,,,,,,,Reduced,Annual,No,No,Drip,Living cover,Synthetic Kealakekua,19.506800,-155.920800,1320.0,22.1,Organic cropland,None,,Andisol,Hydrudand,Udand,LAC,Silty clay loam,3.700,248.000,85.600,34.400,50.600,6.500,518.000,57.000,30.400,0.560000,0.020,0.580000,-0.020,0.545000,0.000,0.530000,-0.300,0.584000,0.070,0.602000,0.070,0.572000,0.050,0.559000,-0.210,1.190,49.200,1.340,2.440,0.250,31.000,7.400,22.600,40.600,12.300,22.000,4.900,Synthetic example,Synthetic,,2026-07-09
900030,Synthetic Cover Crop Time Series,Cover Crop Rotation,Legume Grass Mix,Timepoint 3,Synthetic,SYN-OLD-0030,SYN-0030,SYN-02-06-03-0030,0,15,2026-10-20,Hawaii,Synthetic Kona Rotation Trial,Bare fallow replicate 3,SYN-KO-02,Cropland,3,Unmanaged/abandoned,10,,,,,,,CC-B3,100,Bare fallow,Synthetic baseline cover,None,0,,,,,,,,,Reduced,Annual,No,No,Drip,Living cover,Synthetic Kealakekua,19.506800,-155.920800,1320.0,22.1,Organic cropland,None,,Andisol,Hydrudand,Udand,LAC,Silty clay loam,3.880,259.000,88.800,35.900,52.600,6.530,536.000,58.100,31.800,0.595000,0.110,0.615000,0.060,0.580000,0.070,0.565000,-0.240,0.624000,0.170,0.642000,0.160,0.612000,0.130,0.599000,-0.140,1.180,50.400,1.380,2.520,0.260,32.100,7.700,23.400,41.800,12.250,22.200,5.050,Synthetic example,Synthetic,,2026-07-09
900031,Synthetic Pasture Recovery Time Series,Grazing Management,Rotational Grazing,Timepoint 1,Synthetic,SYN-OLD-0031,SYN-0031,SYN-03-01-01-0031,0,15,2025-03-10,Maui,Synthetic Upcountry Pasture Station,Rotational grazing high residue,SYN-UP-03,Pasture,1,Pasture,10,,,,,,,PR-01,100,Rotational grazing,Synthetic baseline cover,None,0,,,,,,,,,None,None,No,No,Rainfed,Living cover,Synthetic Kula,20.775800,-156.326800,780.0,20.4,Pasture,None,,Inceptisol,Dystrudept,Udept,PNCM,Loam,3.420,232.000,80.900,32.400,49.100,6.470,485.000,55.900,29.000,0.510000,-0.040,0.530000,-0.050,0.495000,-0.050,0.480000,-0.330,0.529000,-0.010,0.547000,0.040,0.517000,-0.020,0.504000,-0.240,1.165,48.000,1.200,2.260,0.245,28.900,6.900,21.300,39.900,12.250,22.000,4.750,Synthetic example,Synthetic,,2026-07-09
900032,Synthetic Pasture Recovery Time Series,Grazing Management,Rotational Grazing,Timepoint 2,Synthetic,SYN-OLD-0032,SYN-0032,SYN-03-01-02-0032,0,15,2026-03-10,Maui,Synthetic Upcountry Pasture Station,Rotational grazing high residue,SYN-UP-03,Pasture,2,Pasture,10,,,,,,,PR-01,100,Rotational grazing,Synthetic baseline cover,None,0,,,,,,,,,None,None,No,No,Rainfed,Living cover,Synthetic Kula,20.775800,-156.326800,780.0,20.4,Pasture,None,,Inceptisol,Dystrudept,Udept,PNCM,Loam,3.600,243.000,84.100,33.900,51.100,6.500,503.000,57.000,30.400,0.545000,0.050,0.565000,0.030,0.530000,0.020,0.515000,-0.270,0.569000,0.090,0.587000,0.130,0.557000,0.060,0.544000,-0.170,1.155,49.200,1.240,2.340,0.255,30.000,7.200,22.100,41.100,12.200,22.200,4.900,Synthetic example,Synthetic,,2026-07-09
900033,Synthetic Pasture Recovery Time Series,Grazing Management,Rotational Grazing,Timepoint 3,Synthetic,SYN-OLD-0033,SYN-0033,SYN-03-01-03-0033,0,15,2027-03-10,Maui,Synthetic Upcountry Pasture Station,Rotational grazing high residue,SYN-UP-03,Pasture,3,Pasture,10,,,,,,,PR-01,100,Rotational grazing,Synthetic baseline cover,None,0,,,,,,,,,None,None,No,No,Rainfed,Living cover,Synthetic Kula,20.775800,-156.326800,780.0,20.4,Pasture,None,,Inceptisol,Dystrudept,Udept,PNCM,Loam,3.780,254.000,87.300,35.400,53.100,6.530,521.000,58.100,31.800,0.580000,0.140,0.600000,0.110,0.565000,0.090,0.550000,-0.210,0.609000,0.190,0.627000,0.220,0.597000,0.140,0.584000,-0.100,1.145,50.400,1.280,2.420,0.265,31.100,7.500,22.900,42.300,12.150,22.400,5.050,Synthetic example,Synthetic,,2026-07-09
900034,Synthetic Pasture Recovery Time Series,Grazing Management,Rotational Grazing,Timepoint 1,Synthetic,SYN-OLD-0034,SYN-0034,SYN-03-02-01-0034,0,15,2025-03-10,Maui,Synthetic Upcountry Pasture Station,Rotational grazing low residue,SYN-UP-03,Pasture,1,Pasture,10,,,,,,,PR-02,100,Rotational grazing,Synthetic baseline cover,None,0,,,,,,,,,None,None,No,No,Rainfed,Living cover,Synthetic Kula,20.776600,-156.327600,780.0,20.4,Pasture,None,,Inceptisol,Dystrudept,Udept,PNCM,Loam,3.510,238.000,82.600,33.300,50.200,6.510,497.000,56.700,29.600,0.525000,-0.010,0.545000,-0.030,0.510000,-0.030,0.495000,-0.310,0.543000,0.020,0.561000,0.060,0.531000,0.000,0.518000,-0.220,1.180,48.800,1.260,2.340,0.250,29.700,7.100,21.800,40.600,12.350,22.200,4.850,Synthetic example,Synthetic,,2026-07-09
900035,Synthetic Pasture Recovery Time Series,Grazing Management,Rotational Grazing,Timepoint 2,Synthetic,SYN-OLD-0035,SYN-0035,SYN-03-02-02-0035,0,15,2026-03-10,Maui,Synthetic Upcountry Pasture Station,Rotational grazing low residue,SYN-UP-03,Pasture,2,Pasture,10,,,,,,,PR-02,100,Rotational grazing,Synthetic baseline cover,None,0,,,,,,,,,None,None,No,No,Rainfed,Living cover,Synthetic Kula,20.776600,-156.327600,780.0,20.4,Pasture,None,,Inceptisol,Dystrudept,Udept,PNCM,Loam,3.690,249.000,85.800,34.800,52.200,6.540,515.000,57.800,31.000,0.560000,0.080,0.580000,0.050,0.545000,0.040,0.530000,-0.250,0.583000,0.120,0.601000,0.150,0.571000,0.080,0.558000,-0.150,1.170,50.000,1.300,2.420,0.260,30.800,7.400,22.600,41.800,12.300,22.400,5.000,Synthetic example,Synthetic,,2026-07-09
900036,Synthetic Pasture Recovery Time Series,Grazing Management,Rotational Grazing,Timepoint 3,Synthetic,SYN-OLD-0036,SYN-0036,SYN-03-02-03-0036,0,15,2027-03-10,Maui,Synthetic Upcountry Pasture Station,Rotational grazing low residue,SYN-UP-03,Pasture,3,Pasture,10,,,,,,,PR-02,100,Rotational grazing,Synthetic baseline cover,None,0,,,,,,,,,None,None,No,No,Rainfed,Living cover,Synthetic Kula,20.776600,-156.327600,780.0,20.4,Pasture,None,,Inceptisol,Dystrudept,Udept,PNCM,Loam,3.870,260.000,89.000,36.300,54.200,6.570,533.000,58.900,32.400,0.595000,0.170,0.615000,0.130,0.580000,0.110,0.565000,-0.190,0.623000,0.220,0.641000,0.240,0.611000,0.160,0.598000,-0.080,1.160,51.200,1.340,2.500,0.270,31.900,7.700,23.400,43.000,12.250,22.600,5.150,Synthetic example,Synthetic,,2026-07-09
900037,Synthetic Pasture Recovery Time Series,Grazing Management,Rotational Grazing,Timepoint 1,Synthetic,SYN-OLD-0037,SYN-0037,SYN-03-03-01-0037,0,15,2025-03-10,Maui,Synthetic Upcountry Pasture Station,Continuous grazing,SYN-UP-03,Pasture,1,Pasture,10,,,,,,,PR-03,100,Continuous grazing,Synthetic baseline cover,None,0,,,,,,,,,None,None,No,No,Rainfed,Living cover,Synthetic Kula,20.777400,-156.328400,780.0,20.4,Pasture,None,,Inceptisol,Dystrudept,Udept,PNCM,Loam,3.600,244.000,84.300,34.200,51.300,6.550,509.000,57.500,30.200,0.540000,0.020,0.560000,-0.010,0.525000,-0.010,0.510000,-0.290,0.557000,0.050,0.575000,0.080,0.545000,0.020,0.532000,-0.200,1.195,49.600,1.320,2.420,0.255,30.500,7.300,22.300,41.300,12.450,22.400,4.950,Synthetic example,Synthetic,,2026-07-09
900038,Synthetic Pasture Recovery Time Series,Grazing Management,Rotational Grazing,Timepoint 2,Synthetic,SYN-OLD-0038,SYN-0038,SYN-03-03-02-0038,0,15,2026-03-10,Maui,Synthetic Upcountry Pasture Station,Continuous grazing,SYN-UP-03,Pasture,2,Pasture,10,,,,,,,PR-03,100,Continuous grazing,Synthetic baseline cover,None,0,,,,,,,,,None,None,No,No,Rainfed,Living cover,Synthetic Kula,20.777400,-156.328400,780.0,20.4,Pasture,None,,Inceptisol,Dystrudept,Udept,PNCM,Loam,3.780,255.000,87.500,35.700,53.300,6.580,527.000,58.600,31.600,0.575000,0.110,0.595000,0.070,0.560000,0.060,0.545000,-0.230,0.597000,0.150,0.615000,0.170,0.585000,0.100,0.572000,-0.130,1.185,50.800,1.360,2.500,0.265,31.600,7.600,23.100,42.500,12.400,22.600,5.100,Synthetic example,Synthetic,,2026-07-09
900039,Synthetic Pasture Recovery Time Series,Grazing Management,Rotational Grazing,Timepoint 3,Synthetic,SYN-OLD-0039,SYN-0039,SYN-03-03-03-0039,0,15,2027-03-10,Maui,Synthetic Upcountry Pasture Station,Continuous grazing,SYN-UP-03,Pasture,3,Pasture,10,,,,,,,PR-03,100,Continuous grazing,Synthetic baseline cover,None,0,,,,,,,,,None,None,No,No,Rainfed,Living cover,Synthetic Kula,20.777400,-156.328400,780.0,20.4,Pasture,None,,Inceptisol,Dystrudept,Udept,PNCM,Loam,3.960,266.000,90.700,37.200,55.300,6.610,545.000,59.700,33.000,0.610000,0.200,0.630000,0.150,0.595000,0.130,0.580000,-0.170,0.637000,0.250,0.655000,0.260,0.625000,0.180,0.612000,-0.060,1.175,52.000,1.400,2.580,0.275,32.700,7.900,23.900,43.700,12.350,22.800,5.250,Synthetic example,Synthetic,,2026-07-09
900040,Synthetic Pasture Recovery Time Series,Grazing Management,Rotational Grazing,Timepoint 1,Synthetic,SYN-OLD-0040,SYN-0040,SYN-03-04-01-0040,0,15,2025-03-10,Maui,Synthetic Upcountry Pasture Station,Exclosure reference,SYN-UP-03,Pasture,1,Pasture,10,,,,,,,PR-04,100,Ungrazed reference,Synthetic baseline cover,None,0,,,,,,,,,None,None,No,No,Rainfed,Living cover,Synthetic Kula,20.778200,-156.329200,780.0,20.4,Pasture,None,,Inceptisol,Dystrudept,Udept,PNCM,Loam,3.690,250.000,86.000,35.100,52.400,6.590,521.000,58.300,30.800,0.555000,0.050,0.575000,0.010,0.540000,0.010,0.525000,-0.270,0.571000,0.080,0.589000,0.100,0.559000,0.040,0.546000,-0.180,1.210,50.400,1.380,2.500,0.260,31.300,7.500,22.800,42.000,12.550,22.600,5.050,Synthetic example,Synthetic,,2026-07-09
900041,Synthetic Pasture Recovery Time Series,Grazing Management,Rotational Grazing,Timepoint 2,Synthetic,SYN-OLD-0041,SYN-0041,SYN-03-04-02-0041,0,15,2026-03-10,Maui,Synthetic Upcountry Pasture Station,Exclosure reference,SYN-UP-03,Pasture,2,Pasture,10,,,,,,,PR-04,100,Ungrazed reference,Synthetic baseline cover,None,0,,,,,,,,,None,None,No,No,Rainfed,Living cover,Synthetic Kula,20.778200,-156.329200,780.0,20.4,Pasture,None,,Inceptisol,Dystrudept,Udept,PNCM,Loam,3.870,261.000,89.200,36.600,54.400,6.620,539.000,59.400,32.200,0.590000,0.140,0.610000,0.090,0.575000,0.080,0.560000,-0.210,0.611000,0.180,0.629000,0.190,0.599000,0.120,0.586000,-0.110,1.200,51.600,1.420,2.580,0.270,32.400,7.800,23.600,43.200,12.500,22.800,5.200,Synthetic example,Synthetic,,2026-07-09
900042,Synthetic Pasture Recovery Time Series,Grazing Management,Rotational Grazing,Timepoint 3,Synthetic,SYN-OLD-0042,SYN-0042,SYN-03-04-03-0042,0,15,2027-03-10,Maui,Synthetic Upcountry Pasture Station,Exclosure reference,SYN-UP-03,Pasture,3,Pasture,10,,,,,,,PR-04,100,Ungrazed reference,Synthetic baseline cover,None,0,,,,,,,,,None,None,No,No,Rainfed,Living cover,Synthetic Kula,20.778200,-156.329200,780.0,20.4,Pasture,None,,Inceptisol,Dystrudept,Udept,PNCM,Loam,4.050,272.000,92.400,38.100,56.400,6.650,557.000,60.500,33.600,0.625000,0.230,0.645000,0.170,0.610000,0.150,0.595000,-0.150,0.651000,0.280,0.669000,0.280,0.639000,0.200,0.626000,-0.040,1.190,52.800,1.460,2.660,0.280,33.500,8.100,24.400,44.400,12.450,23.000,5.350,Synthetic example,Synthetic,,2026-07-09
